id,nome
1,Sidinei
2,Eduardo
3,Erwin
4,Zachery
5,Jeddy
6,Pebrook
7,Vance
8,Amory
9,Chelsy
10,Nathaniel
11,Lorelle
12,Hesther
13,Lauri
14,Jo
15,Valina
16,Corene
17,Ely
18,Vilma
19,Goldi
20,Antons
21,Cyrillus
22,Filberto
23,Orion
24,Reg
25,Saundra
26,Andres
27,Benni
28,Hubie
29,Lorilee
30,Kai
31,Burke
32,Ely
33,Elke
34,Regan
35,Selinda
36,Rafa
37,Chev
38,Moira
39,Everett
40,Enrique
41,Osgood
42,Neely
43,Violetta
44,Tabby
45,Bernardina
46,Quinton
47,Brit
48,Joey
49,Filippa
50,Franchot
51,Nicholas
52,Andrea
53,Reid
54,Harmonia
55,Archie
56,Derick
57,Lurlene
58,Marlyn
59,Shaine
60,Rita
61,Grannie
62,Georgeta
63,Timmie
64,Eloise
65,Norri
66,Sela
67,Adelind
68,Trefor
69,Kathleen
70,Sal
71,Rosco
72,Jarid
73,Brianne
74,Andee
75,Lorelle
76,Janeva
77,Shaine
78,Lee
79,Kacie
80,Walsh
81,Madelaine
82,Venus
83,Saundra
84,Brooks
85,Cob
86,Ranna
87,Pennie
88,Averil
89,Gifford
90,Dione
91,Mannie
92,Ivie
93,Roselle
94,Davy
95,Yorke
96,Guthry
97,Pierre
98,Mei
99,Channa
100,Marcy
101,Emmerich
102,Timothy
103,Garold
104,Leena
105,Cary
106,Lorenza
107,Donavon
108,Kipper
109,Lief
110,Cyndy
111,Vere
112,Iorgos
113,Elita
114,Florida
115,Killy
116,Rebecca
117,Dev
118,Shaylynn
119,Rollie
120,Rollo
121,Marti
122,Pauletta
123,Lindsy
124,Saudra
125,Natty
126,Spenser
127,Kial
128,Rea
129,Ann-marie
130,Worth
131,Berry
132,Dallis
133,Arnie
134,Lauretta
135,Karola
136,Bethena
137,Davidde
138,Kean
139,Dallas
140,Tami
141,Shepperd
142,Mattie
143,Amil
144,Monte
145,Conroy
146,Ruby
147,Felita
148,Elene
149,Aube
150,Iosep
151,Katuscha
152,Gaylene
153,Tamar
154,Fawn
155,Elden
156,Laureen
157,Gene
158,Merline
159,Brewer
160,Tedd
161,Helli
162,Heather
163,Regen
164,Brianne
165,Reilly
166,Lotte
167,Hollie
168,Frederich
169,Colene
170,Rickie
171,Mirabel
172,Gilemette
173,Joseph
174,Denny
175,Fan
176,Andrea
177,Boigie
178,Lucie
179,Libbey
180,Koralle
181,Shae
182,Halley
183,Gabrielle
184,Pauly
185,Sherill
186,Allyn
187,Megen
188,Christal
189,Janeva
190,Mala
191,Ewell
192,Fern
193,Nydia
194,Paxon
195,Fields
196,Teresina
197,Clarissa
198,Tami
199,Maddy
200,Debbie
201,Kelsey
202,Fabio
203,Rebe
204,Ekaterina
205,Rita
206,Etan
207,Maxie
208,Eddie
209,Berrie
210,Hartwell
211,Pennie
212,Brock
213,Hadrian
214,Cheri
215,Jarid
216,Kurt
217,Fremont
218,Minna
219,Dorolisa
220,Carter
221,Sabine
222,Lotta
223,Dorri
224,Hogan
225,Kev
226,Gerri
227,Cherida
228,Hilarius
229,Nadean
230,Vidovik
231,Davida
232,Shirlee
233,Burke
234,Alasteir
235,Nollie
236,Donnamarie
237,Brenn
238,Finlay
239,Nerti
240,Sax
241,Terrye
242,Claudia
243,Dylan
244,Gladys
245,Dacy
246,Erhart
247,Arte
248,Mickie
249,Aldric
250,Laurie
251,Laureen
252,Joan
253,Flossy
254,Colet
255,Estrellita
256,Chelsey
257,Leif
258,Winifield
259,Kat
260,Lorne
261,Mandie
262,Brunhilda
263,Lelah
264,Lotti
265,Wildon
266,Dory
267,Emelia
268,Diego
269,Holli
270,Dallis
271,Shae
272,Sauncho
273,Madelaine
274,Emelen
275,Brenden
276,Sawyer
277,Zuzana
278,Karrah
279,Jane
280,Fletcher
281,Ric
282,Meredeth
283,Joly
284,Alejoa
285,Madison
286,Galvin
287,Faye
288,Anallese
289,Mira
290,Liza
291,Nerta
292,Brooks
293,Althea
294,Friederike
295,Tedda
296,Stearne
297,Madelene
298,Parnell
299,Deny
300,Emmie
301,Ernaline
302,Carrol
303,Jody
304,Germaine
305,Killie
306,Mavra
307,Armin
308,Dame
309,Tadio
310,Gerrilee
311,Darcee
312,Ursola
313,Germayne
314,Richard
315,Scotti
316,Cosme
317,Fionna
318,Colline
319,Genevra
320,Hart
321,Brandon
322,Romy
323,Leontine
324,Leonora
325,Hillyer
326,Claude
327,Jodi
328,Nariko
329,Menard
330,Alvie
331,Cleo
332,Tawsha
333,Keir
334,Grace
335,Rhys
336,Hieronymus
337,Constantino
338,Zuzana
339,Saloma
340,Gallard
341,Egbert
342,Nanette
343,Keenan
344,Marcelo
345,Orville
346,Jobie
347,Allie
348,Hattie
349,Eberhard
350,Hamlin
351,Adella
352,Phylys
353,Taddeusz
354,Amelina
355,Thorndike
356,Glenden
357,Jameson
358,Atalanta
359,Nicolai
360,Bell
361,Tarah
362,Melany
363,Deeanne
364,Colver
365,Giffard
366,Nelly
367,Brana
368,Glyn
369,Shauna
370,Adria
371,Berty
372,Josy
373,Ricky
374,Shepherd
375,Ardra
376,Sofia
377,Dunn
378,Salomon
379,Paxon
380,Hildy
381,Maisie
382,Hillary
383,Sisile
384,Alma
385,Nissa
386,Sybyl
387,Yale
388,Doralin
389,Erhard
390,Gracia
391,Davidde
392,Artemis
393,Ermengarde
394,Devi
395,Noland
396,Humbert
397,Brigid
398,Abagail
399,Saraann
400,Yuma
401,Collie
402,Rex
403,Dev
404,Isaiah
405,Dag
406,Keene
407,Magdalene
408,Sabrina
409,Hy
410,Angela
411,Tallia
412,Oswell
413,Korney
414,Angelo
415,Dee
416,Alon
417,Kaylee
418,Kasey
419,Lindy
420,Glendon
421,Michel
422,Nolana
423,Renaldo
424,Aigneis
425,Marabel
426,Karin
427,Cassandra
428,Mallissa
429,Isidoro
430,Philippe
431,Gav
432,Lacey
433,Cathe
434,Cristina
435,Goddard
436,Jesse
437,Christoffer
438,Eugenius
439,Karen
440,Carlo
441,Alexei
442,Alicea
443,Adair
444,Flossie
445,Rozelle
446,Humbert
447,Julia
448,Lock
449,Eustace
450,Olympie
451,Dunn
452,Theodora
453,Idalina
454,Aymer
455,Elisha
456,Anabelle
457,Aeriela
458,Genna
459,Luke
460,Enrika
461,Willie
462,Jethro
463,Willard
464,Illa
465,Winston
466,Natalee
467,Doralin
468,Birgit
469,Angie
470,Lockwood
471,Kellen
472,Noble
473,Alfreda
474,Britte
475,Kenn
476,Harcourt
477,Vlad
478,Yehudi
479,Ethelbert
480,Niko
481,Carree
482,Austin
483,Dame
484,Cirstoforo
485,Darbee
486,Vasilis
487,Stanley
488,Jessalyn
489,Terencio
490,Tamqrah
491,Pooh
492,Margarita
493,Jennica
494,Ramona
495,Sallie
496,Godwin
497,Francene
498,Linzy
499,Yovonnda
500,Davin
501,Nataniel
502,Sigrid
503,Loy
504,Binni
505,Fernando
506,Inger
507,Veronica
508,Maren
509,Ali
510,Aube
511,Abbi
512,Malvina
513,Georgette
514,Auguste
515,Robin
516,Margarethe
517,Hannie
518,Thor
519,Evelina
520,Nana
521,Duffie
522,Cammie
523,Rena
524,Elvina
525,Libbie
526,Kore
527,Engracia
528,Cally
529,Shaine
530,Hildegarde
531,Annalee
532,Keeley
533,Blanche
534,Inna
535,Jimmy
536,Dalia
537,Jamima
538,Golda
539,Jourdain
540,Jeddy
541,Ilario
542,Kaleena
543,Pyotr
544,Cornelius
545,Blakelee
546,Desiree
547,Lionello
548,Reinwald
549,Bren
550,Con
551,Dore
552,Swen
553,Rosaline
554,Hayward
555,Sarita
556,Drugi
557,Beverlee
558,Jere
559,Ailbert
560,Vassily
561,Dena
562,Mano
563,Amby
564,Toiboid
565,Raimundo
566,Kynthia
567,Barny
568,Kelwin
569,Dorey
570,Enid
571,Elsbeth
572,Genvieve
573,Pren
574,Nolie
575,Conrad
576,Helyn
577,Natassia
578,Melitta
579,Rivi
580,Fletch
581,Marv
582,Savina
583,Scot
584,Ardyth
585,Israel
586,Marinna
587,Giana
588,Phillipp
589,Rhetta
590,Mead
591,Leland
592,Hunfredo
593,Viole
594,Max
595,Domini
596,Krissie
597,Carlyn
598,Joseph
599,Clemence
600,Katharina
601,Godart
602,Roch
603,Brita
604,Karena
605,Maegan
606,Stacia
607,Stearn
608,Charlotte
609,Horten
610,Francine
611,Demetre
612,Elsy
613,Jami
614,Rhona
615,Wendel
616,Mella
617,Seymour
618,Sandra
619,Rory
620,Hilton
621,Sam
622,Karly
623,Costa
624,Arni
625,Linnea
626,Muire
627,Osmund
628,Melamie
629,Berne
630,Kellia
631,Husain
632,Vivianne
633,Christophe
634,Darby
635,Teodoor
636,Yard
637,Calla
638,Blanche
639,Dorris
640,Rosetta
641,Rodolph
642,Blayne
643,Britt
644,Dael
645,Jephthah
646,Vassily
647,Danice
648,Cammy
649,Ellery
650,Gregg
651,Claudell
652,Tiebout
653,Cam
654,Ced
655,Jayme
656,Kory
657,Colly
658,Kikelia
659,Salomon
660,Alden
661,Cindy
662,Adda
663,Selia
664,Rowe
665,Jania
666,Willis
667,Silvio
668,Klarrisa
669,Hadleigh
670,Aylmar
671,Washington
672,Mabel
673,Dale
674,Shea
675,Morly
676,Erl
677,Ezmeralda
678,Talbert
679,Crichton
680,Coriss
681,Alie
682,Sterling
683,Juli
684,Netti
685,Tory
686,Miguelita
687,Marlane
688,Moll
689,Delinda
690,Elana
691,Land
692,Cleveland
693,Mariel
694,Susanetta
695,Olag
696,Obed
697,Kaylee
698,Melamie
699,Jessika
700,Rene
701,Launce
702,Malanie
703,Kali
704,Agnella
705,Danila
706,Lilah
707,Ashlie
708,Thatch
709,Base
710,Manon
711,Ardis
712,Hagen
713,Rois
714,Kayla
715,Tomasine
716,Monro
717,Chrissie
718,Archibaldo
719,Katherine
720,Nell
721,Vi
722,Donnie
723,Meier
724,Danny
725,Edgard
726,Bria
727,Truman
728,Bradney
729,Nevile
730,Pincus
731,Basile
732,Rog
733,Charlean
734,Karlotte
735,Martica
736,Winifred
737,Holt
738,Lennard
739,Arnold
740,Kris
741,Ertha
742,Bobby
743,Luciana
744,Lennie
745,Dannye
746,Immanuel
747,Zedekiah
748,Ottilie
749,Octavius
750,Merrill
751,Mellie
752,Marketa
753,Caleb
754,Valle
755,Zaneta
756,Tallie
757,Marysa
758,Tiphanie
759,Joshuah
760,Malynda
761,Slade
762,Constantia
763,Neilla
764,Clementine
765,Broderick
766,Connie
767,Rory
768,Grace
769,Vivian
770,Lela
771,Reeba
772,Tera
773,Wilhelmina
774,Rozella
775,Holmes
776,Godfry
777,Israel
778,Mariejeanne
779,Aurie
780,Sandye
781,Herschel
782,Tarrance
783,Noll
784,Corbett
785,Jimmie
786,Chaddy
787,Cyrillus
788,Justinn
789,Mordy
790,Leese
791,Guenevere
792,Frasier
793,Hendrika
794,Rabi
795,Harwilll
796,Kelcey
797,Ward
798,Hillery
799,Jaine
800,Carola
801,Saxon
802,Deb
803,Eben
804,Weidar
805,Hervey
806,Jerry
807,Willem
808,Codi
809,Ranice
810,Corrie
811,Hyacinthia
812,Gherardo
813,Randene
814,Adriana
815,Nat
816,Georgi
817,Margi
818,Camey
819,Rouvin
820,Say
821,Selma
822,Madge
823,Caleb
824,Susie
825,Corabelle
826,Druci
827,Hilliard
828,Clea
829,Lanni
830,Thorn
831,Hinda
832,Winifred
833,Lincoln
834,Millisent
835,Lebbie
836,Cordie
837,Mavra
838,Graeme
839,Carol-jean
840,Novelia
841,Nerti
842,Jayme
843,Cathlene
844,Vevay
845,Emelyne
846,Lindsay
847,Georgette
848,Ximenez
849,Sunny
850,Marvin
851,Wallis
852,Claudetta
853,Corabelle
854,Chloette
855,Stormie
856,Dionis
857,Packston
858,Zacharia
859,Rabi
860,Gussie
861,Erhard
862,Mireille
863,Mitzi
864,Hyatt
865,Jameson
866,Charlean
867,Saunder
868,Gussi
869,Mirabella
870,Murdock
871,Eleanora
872,Filmer
873,Catha
874,Grantham
875,Dennet
876,Ashia
877,Kacie
878,Claudina
879,Tarah
880,Wright
881,Jojo
882,Angy
883,Caresse
884,Camilla
885,Padriac
886,Stearn
887,Aguste
888,Eldridge
889,Emalee
890,Tad
891,Shane
892,Hayward
893,Devland
894,Frazer
895,Vikki
896,Elbertina
897,Stanislaus
898,Granthem
899,Lolly
900,Leese
901,Phip
902,Carlee
903,Paolo
904,Melamie
905,Ewen
906,Christiane
907,Jephthah
908,Claude
909,Clarey
910,Link
911,Maurene
912,Dalila
913,Cordie
914,Gill
915,Tripp
916,Gertruda
917,Enid
918,Wendel
919,Winn
920,Bertrand
921,Isabelle
922,Vernon
923,Kristine
924,Rodd
925,Felicle
926,Bartlet
927,Julie
928,Lonnie
929,Carling
930,Wilmette
931,Izabel
932,Shaylyn
933,Darby
934,Beck
935,Frederigo
936,Florentia
937,Sybille
938,Brody
939,Abbot
940,Helena
941,Saba
942,Vallie
943,Darb
944,Bond
945,Findlay
946,Floria
947,Calv
948,Trevor
949,Peter
950,Philippa
951,Nappy
952,Daryn
953,Sheffie
954,Julieta
955,Peggi
956,Jules
957,Pall
958,Carlin
959,Maridel
960,Kimberly
961,Diannne
962,Mendie
963,Lizzie
964,Ikey
965,Britney
966,Enid
967,Neda
968,Taber
969,Prinz
970,Joane
971,Roldan
972,Vilhelmina
973,Samuele
974,Bastien
975,Raimondo
976,Teddy
977,Yvette
978,Jule
979,Laurie
980,Torry
981,Clemente
982,Hyacinth
983,Rosa
984,Alejandro
985,Belinda
986,Maddy
987,Shepard
988,Shalom
989,Tedi
990,Tedie
991,Diahann
992,Allyn
993,Laureen
994,Vincents
995,Abel
996,Reynold
997,Anitra
998,Corney
999,Nappie
1000,Gena
1001,Jelene
1002,Hobart
